<profile>

<section name = "Vivado HLS Report for 'runloops'" level="0">
<item name = "Date">Sat Aug  1 15:34:48 2020
</item>
<item name = "Version">2018.3 (Build 2405991 on Thu Dec 06 23:56:15 MST 2018)</item>
<item name = "Project">jpeg_hls</item>
<item name = "Solution">solution1</item>
<item name = "Product family">zynq</item>
<item name = "Target device">xc7z020clg484-1</item>
</section>

<section name = "Performance Estimates" level="0">
<item name = "Timing (ns)">
<section name = "" level="1">
<item name = "Summary"><table name="" hasTotal="0">
<keys size="4">Clock, Target, Estimated, Uncertainty</keys>
<column name="ap_clk">10.00, 8.532, 1.25</column>
</table>
</item>
</section>
</item>
<item name = "Latency (clock cycles)">
<section name = "" level="1">
<item name = "Summary"><table name="" hasTotal="0">
<keys size="6">, min, max, min, max, Type</keys>
<column name="">49441, 49441, 49441, 49441, none</column>
</table>
</item>
<item name = "Detail">
<section name = "" level="1">
<item name = "Instance"><table name="" hasTotal="0">
<keys size="7">Instance, Module, min, max, min, max, Type</keys>
<column name="grp_saveback8x8subimg_fu_72">saveback8x8subimg, 191, 191, 192, 192, function</column>
</table>
</item>
<item name = "Loop"><table name="" hasTotal="0">
<keys size="8">Loop Name, min, max, Latency, achieved, target, Count, Pipelined</keys>
<column name="- runloops_label1">49440, 49440, 3090, -, -, 16, no</column>
<column name=" + runloops_label2">3088, 3088, 193, -, -, 16, no</column>
</table>
</item>
</section>
</item>
</section>
</item>
</section>

<section name = "Utilization Estimates" level="0">
<item name = "Summary"><table name="" hasTotal="1">
<keys size="5">Name, BRAM_18K, DSP48E, FF, LUT</keys>
<column name="DSP">-, -, -, -</column>
<column name="Expression">-, -, 0, 30</column>
<column name="FIFO">-, -, -, -</column>
<column name="Instance">64, -, 1564, 8138</column>
<column name="Memory">-, -, -, -</column>
<column name="Multiplexer">-, -, -, 867</column>
<column name="Register">-, -, 220, -</column>
<specialColumn name="Available">280, 220, 106400, 53200</specialColumn>
<specialColumn name="Utilization (%)">22, 0, 1, 16</specialColumn>
</table>
</item>
<item name = "Detail">
<section name = "" level="1">
<item name = "Instance"><table name="" hasTotal="1">
<keys size="6">Instance, Module, BRAM_18K, DSP48E, FF, LUT</keys>
<column name="runloops_a_s_axi_U">runloops_a_s_axi, 64, 0, 148, 174</column>
<column name="grp_saveback8x8subimg_fu_72">saveback8x8subimg, 0, 0, 1416, 7964</column>
</table>
</item>
<item name = "DSP48"><table name="" hasTotal="0">
<keys size="3">Instance, Module, Expression</keys>
</table>
</item>
<item name = "Memory"><table name="" hasTotal="1">
<keys size="9">Memory, Module, BRAM_18K, FF, LUT, Words, Bits, Banks, W*Bits*Banks</keys>
</table>
</item>
<item name = "FIFO"><table name="" hasTotal="1">
<keys size="7">Name, BRAM_18K, FF, LUT, Depth, Bits, Size:D*B</keys>
</table>
</item>
<item name = "Expression"><table name="" hasTotal="1">
<keys size="7">Variable Name, Operation, DSP48E, FF, LUT, Bitwidth P0, Bitwidth P1</keys>
<column name="i_1_fu_98_p2">+, 0, 0, 15, 8, 4</column>
<column name="j_1_fu_104_p2">+, 0, 0, 15, 8, 4</column>
</table>
</item>
<item name = "Multiplexer"><table name="" hasTotal="1">
<keys size="5">Name, LUT, Input Size, Bits, Total Bits</keys>
<column name="ap_NS_fsm">849, 196, 1, 196</column>
<column name="i_reg_48">9, 2, 8, 16</column>
<column name="j_reg_60">9, 2, 8, 16</column>
</table>
</item>
<item name = "Register"><table name="" hasTotal="1">
<keys size="5">Name, FF, LUT, Bits, Const Bits</keys>
<column name="ap_CS_fsm">195, 0, 195, 0</column>
<column name="grp_saveback8x8subimg_fu_72_ap_start_reg">1, 0, 1, 0</column>
<column name="i_reg_48">8, 0, 8, 0</column>
<column name="j_1_reg_121">8, 0, 8, 0</column>
<column name="j_reg_60">8, 0, 8, 0</column>
</table>
</item>
</section>
</item>
</section>

<section name = "Interface" level="0">
<item name = "Summary"><table name="" hasTotal="0">
<keys size="6">RTL Ports, Dir, Bits, Protocol, Source Object, C Type</keys>
<column name="s_axi_a_AWVALID">in, 1, s_axi, a, array</column>
<column name="s_axi_a_AWREADY">out, 1, s_axi, a, array</column>
<column name="s_axi_a_AWADDR">in, 18, s_axi, a, array</column>
<column name="s_axi_a_WVALID">in, 1, s_axi, a, array</column>
<column name="s_axi_a_WREADY">out, 1, s_axi, a, array</column>
<column name="s_axi_a_WDATA">in, 32, s_axi, a, array</column>
<column name="s_axi_a_WSTRB">in, 4, s_axi, a, array</column>
<column name="s_axi_a_ARVALID">in, 1, s_axi, a, array</column>
<column name="s_axi_a_ARREADY">out, 1, s_axi, a, array</column>
<column name="s_axi_a_ARADDR">in, 18, s_axi, a, array</column>
<column name="s_axi_a_RVALID">out, 1, s_axi, a, array</column>
<column name="s_axi_a_RREADY">in, 1, s_axi, a, array</column>
<column name="s_axi_a_RDATA">out, 32, s_axi, a, array</column>
<column name="s_axi_a_RRESP">out, 2, s_axi, a, array</column>
<column name="s_axi_a_BVALID">out, 1, s_axi, a, array</column>
<column name="s_axi_a_BREADY">in, 1, s_axi, a, array</column>
<column name="s_axi_a_BRESP">out, 2, s_axi, a, array</column>
<column name="ap_clk">in, 1, ap_ctrl_hs, runloops, return value</column>
<column name="ap_rst_n">in, 1, ap_ctrl_hs, runloops, return value</column>
<column name="interrupt">out, 1, ap_ctrl_hs, runloops, return value</column>
</table>
</item>
</section>
</profile>
