<profile>

<section name = "Vivado HLS Report for 'saveback8x8subimg'" level="0">
<item name = "Date">Sat Aug  1 15:34:44 2020
</item>
<item name = "Version">2018.3 (Build 2405991 on Thu Dec 06 23:56:15 MST 2018)</item>
<item name = "Project">jpeg_hls</item>
<item name = "Solution">solution1</item>
<item name = "Product family">zynq</item>
<item name = "Target device">xc7z020clg484-1</item>
</section>

<section name = "Performance Estimates" level="0">
<item name = "Timing (ns)">
<section name = "" level="1">
<item name = "Summary"><table name="" hasTotal="0">
<keys size="4">Clock, Target, Estimated, Uncertainty</keys>
<column name="ap_clk">10.00, 8.532, 1.25</column>
</table>
</item>
</section>
</item>
<item name = "Latency (clock cycles)">
<section name = "" level="1">
<item name = "Summary"><table name="" hasTotal="0">
<keys size="6">, min, max, min, max, Type</keys>
<column name="">191, 191, 192, 192, function</column>
</table>
</item>
<item name = "Detail">
<section name = "" level="1">
<item name = "Instance"><table name="" hasTotal="0">
<keys size="7">Instance, Module, min, max, min, max, Type</keys>
</table>
</item>
<item name = "Loop"><table name="" hasTotal="0">
<keys size="8">Loop Name, min, max, Latency, achieved, target, Count, Pipelined</keys>
</table>
</item>
</section>
</item>
</section>
</item>
</section>

<section name = "Utilization Estimates" level="0">
<item name = "Summary"><table name="" hasTotal="1">
<keys size="5">Name, BRAM_18K, DSP48E, FF, LUT</keys>
<column name="DSP">-, -, -, -</column>
<column name="Expression">-, -, 0, 6290</column>
<column name="FIFO">-, -, -, -</column>
<column name="Instance">-, -, -, -</column>
<column name="Memory">-, -, -, -</column>
<column name="Multiplexer">-, -, -, 1674</column>
<column name="Register">-, -, 1416, -</column>
<specialColumn name="Available">280, 220, 106400, 53200</specialColumn>
<specialColumn name="Utilization (%)">0, 0, 1, 14</specialColumn>
</table>
</item>
<item name = "Detail">
<section name = "" level="1">
<item name = "Instance"><table name="" hasTotal="1">
<keys size="6">Instance, Module, BRAM_18K, DSP48E, FF, LUT</keys>
</table>
</item>
<item name = "DSP48"><table name="" hasTotal="0">
<keys size="3">Instance, Module, Expression</keys>
</table>
</item>
<item name = "Memory"><table name="" hasTotal="1">
<keys size="9">Memory, Module, BRAM_18K, FF, LUT, Words, Bits, Banks, W*Bits*Banks</keys>
</table>
</item>
<item name = "FIFO"><table name="" hasTotal="1">
<keys size="7">Name, BRAM_18K, FF, LUT, Depth, Bits, Size:D*B</keys>
</table>
</item>
<item name = "Expression"><table name="" hasTotal="1">
<keys size="7">Variable Name, Operation, DSP48E, FF, LUT, Bitwidth P0, Bitwidth P1</keys>
<column name="tmp_100_fu_4184_p2">+, 0, 0, 24, 1, 17</column>
<column name="tmp_101_fu_4194_p2">+, 0, 0, 24, 2, 17</column>
<column name="tmp_102_fu_2370_p2">+, 0, 0, 23, 16, 16</column>
<column name="tmp_105_fu_4204_p2">+, 0, 0, 24, 1, 17</column>
<column name="tmp_106_fu_4214_p2">+, 0, 0, 24, 2, 17</column>
<column name="tmp_107_fu_2401_p2">+, 0, 0, 23, 16, 16</column>
<column name="tmp_10_fu_1725_p2">+, 0, 0, 23, 16, 16</column>
<column name="tmp_110_fu_4224_p2">+, 0, 0, 24, 1, 17</column>
<column name="tmp_111_fu_4234_p2">+, 0, 0, 24, 2, 17</column>
<column name="tmp_112_fu_2432_p2">+, 0, 0, 23, 16, 16</column>
<column name="tmp_115_fu_4244_p2">+, 0, 0, 24, 1, 17</column>
<column name="tmp_116_fu_4254_p2">+, 0, 0, 24, 2, 17</column>
<column name="tmp_117_fu_2463_p2">+, 0, 0, 23, 16, 16</column>
<column name="tmp_120_fu_4264_p2">+, 0, 0, 24, 1, 17</column>
<column name="tmp_121_fu_4274_p2">+, 0, 0, 24, 2, 17</column>
<column name="tmp_123_fu_2511_p2">+, 0, 0, 23, 16, 16</column>
<column name="tmp_126_fu_4284_p2">+, 0, 0, 24, 1, 17</column>
<column name="tmp_127_fu_4294_p2">+, 0, 0, 24, 2, 17</column>
<column name="tmp_128_fu_2543_p2">+, 0, 0, 23, 16, 16</column>
<column name="tmp_131_fu_4304_p2">+, 0, 0, 24, 1, 17</column>
<column name="tmp_132_fu_4314_p2">+, 0, 0, 24, 2, 17</column>
<column name="tmp_133_fu_2574_p2">+, 0, 0, 23, 16, 16</column>
<column name="tmp_136_fu_4324_p2">+, 0, 0, 24, 1, 17</column>
<column name="tmp_137_fu_4334_p2">+, 0, 0, 24, 2, 17</column>
<column name="tmp_138_fu_2605_p2">+, 0, 0, 23, 16, 16</column>
<column name="tmp_13_fu_3844_p2">+, 0, 0, 24, 1, 17</column>
<column name="tmp_141_fu_4344_p2">+, 0, 0, 24, 1, 17</column>
<column name="tmp_142_fu_4354_p2">+, 0, 0, 24, 2, 17</column>
<column name="tmp_143_fu_2636_p2">+, 0, 0, 23, 16, 16</column>
<column name="tmp_146_fu_4364_p2">+, 0, 0, 24, 1, 17</column>
<column name="tmp_147_fu_4374_p2">+, 0, 0, 24, 2, 17</column>
<column name="tmp_148_fu_2667_p2">+, 0, 0, 23, 16, 16</column>
<column name="tmp_14_fu_3854_p2">+, 0, 0, 24, 2, 17</column>
<column name="tmp_151_fu_4384_p2">+, 0, 0, 24, 1, 17</column>
<column name="tmp_152_fu_4394_p2">+, 0, 0, 24, 2, 17</column>
<column name="tmp_153_fu_2698_p2">+, 0, 0, 23, 16, 16</column>
<column name="tmp_156_fu_4404_p2">+, 0, 0, 24, 1, 17</column>
<column name="tmp_157_fu_4414_p2">+, 0, 0, 24, 2, 17</column>
<column name="tmp_158_fu_2729_p2">+, 0, 0, 23, 16, 16</column>
<column name="tmp_15_fu_1766_p2">+, 0, 0, 23, 16, 16</column>
<column name="tmp_161_fu_4424_p2">+, 0, 0, 24, 1, 17</column>
<column name="tmp_162_fu_4434_p2">+, 0, 0, 24, 2, 17</column>
<column name="tmp_164_fu_2777_p2">+, 0, 0, 23, 16, 16</column>
<column name="tmp_167_fu_4444_p2">+, 0, 0, 24, 1, 17</column>
<column name="tmp_168_fu_4454_p2">+, 0, 0, 24, 2, 17</column>
<column name="tmp_169_fu_2809_p2">+, 0, 0, 23, 16, 16</column>
<column name="tmp_172_fu_4464_p2">+, 0, 0, 24, 1, 17</column>
<column name="tmp_173_fu_4474_p2">+, 0, 0, 24, 2, 17</column>
<column name="tmp_174_fu_2840_p2">+, 0, 0, 23, 16, 16</column>
<column name="tmp_177_fu_4484_p2">+, 0, 0, 24, 1, 17</column>
<column name="tmp_178_fu_4494_p2">+, 0, 0, 24, 2, 17</column>
<column name="tmp_179_fu_2871_p2">+, 0, 0, 23, 16, 16</column>
<column name="tmp_17_0_1_fu_1675_p2">+, 0, 0, 15, 1, 8</column>
<column name="tmp_17_0_2_fu_1716_p2">+, 0, 0, 15, 2, 8</column>
<column name="tmp_17_0_3_fu_1757_p2">+, 0, 0, 15, 2, 8</column>
<column name="tmp_17_0_4_fu_1798_p2">+, 0, 0, 15, 3, 8</column>
<column name="tmp_17_0_5_fu_1839_p2">+, 0, 0, 15, 3, 8</column>
<column name="tmp_17_0_6_fu_1880_p2">+, 0, 0, 15, 3, 8</column>
<column name="tmp_17_0_7_fu_1921_p2">+, 0, 0, 15, 3, 8</column>
<column name="tmp_182_fu_4504_p2">+, 0, 0, 24, 1, 17</column>
<column name="tmp_183_fu_4514_p2">+, 0, 0, 24, 2, 17</column>
<column name="tmp_184_fu_2902_p2">+, 0, 0, 23, 16, 16</column>
<column name="tmp_187_fu_4524_p2">+, 0, 0, 24, 1, 17</column>
<column name="tmp_188_fu_4534_p2">+, 0, 0, 24, 2, 17</column>
<column name="tmp_189_fu_2933_p2">+, 0, 0, 23, 16, 16</column>
<column name="tmp_18_fu_3864_p2">+, 0, 0, 24, 1, 17</column>
<column name="tmp_192_fu_4544_p2">+, 0, 0, 24, 1, 17</column>
<column name="tmp_193_fu_4554_p2">+, 0, 0, 24, 2, 17</column>
<column name="tmp_194_fu_2964_p2">+, 0, 0, 23, 16, 16</column>
<column name="tmp_197_fu_4564_p2">+, 0, 0, 24, 1, 17</column>
<column name="tmp_198_fu_4574_p2">+, 0, 0, 24, 2, 17</column>
<column name="tmp_199_fu_2995_p2">+, 0, 0, 23, 16, 16</column>
<column name="tmp_19_fu_3874_p2">+, 0, 0, 24, 2, 17</column>
<column name="tmp_1_2_fu_1962_p2">+, 0, 0, 15, 1, 8</column>
<column name="tmp_202_fu_4584_p2">+, 0, 0, 24, 1, 17</column>
<column name="tmp_203_fu_4594_p2">+, 0, 0, 24, 2, 17</column>
<column name="tmp_205_fu_3043_p2">+, 0, 0, 23, 16, 16</column>
<column name="tmp_208_fu_4604_p2">+, 0, 0, 24, 1, 17</column>
<column name="tmp_209_fu_4614_p2">+, 0, 0, 24, 2, 17</column>
<column name="tmp_20_fu_1807_p2">+, 0, 0, 23, 16, 16</column>
<column name="tmp_210_fu_3075_p2">+, 0, 0, 23, 16, 16</column>
<column name="tmp_213_fu_4624_p2">+, 0, 0, 24, 1, 17</column>
<column name="tmp_214_fu_4634_p2">+, 0, 0, 24, 2, 17</column>
<column name="tmp_215_fu_3106_p2">+, 0, 0, 23, 16, 16</column>
<column name="tmp_218_fu_4644_p2">+, 0, 0, 24, 1, 17</column>
<column name="tmp_219_fu_4654_p2">+, 0, 0, 24, 2, 17</column>
<column name="tmp_220_fu_3137_p2">+, 0, 0, 23, 16, 16</column>
<column name="tmp_223_fu_4664_p2">+, 0, 0, 24, 1, 17</column>
<column name="tmp_224_fu_4674_p2">+, 0, 0, 24, 2, 17</column>
<column name="tmp_225_fu_3168_p2">+, 0, 0, 23, 16, 16</column>
<column name="tmp_228_fu_4684_p2">+, 0, 0, 24, 1, 17</column>
<column name="tmp_229_fu_4694_p2">+, 0, 0, 24, 2, 17</column>
<column name="tmp_230_fu_3199_p2">+, 0, 0, 23, 16, 16</column>
<column name="tmp_233_fu_4704_p2">+, 0, 0, 24, 1, 17</column>
<column name="tmp_234_fu_4714_p2">+, 0, 0, 24, 2, 17</column>
<column name="tmp_235_fu_3230_p2">+, 0, 0, 23, 16, 16</column>
<column name="tmp_238_fu_4724_p2">+, 0, 0, 24, 1, 17</column>
<column name="tmp_239_fu_4734_p2">+, 0, 0, 24, 2, 17</column>
<column name="tmp_23_fu_3884_p2">+, 0, 0, 24, 1, 17</column>
<column name="tmp_240_fu_3261_p2">+, 0, 0, 23, 16, 16</column>
<column name="tmp_243_fu_4744_p2">+, 0, 0, 24, 1, 17</column>
<column name="tmp_244_fu_4754_p2">+, 0, 0, 24, 2, 17</column>
<column name="tmp_246_fu_3309_p2">+, 0, 0, 23, 16, 16</column>
<column name="tmp_249_fu_4764_p2">+, 0, 0, 24, 1, 17</column>
<column name="tmp_24_fu_3894_p2">+, 0, 0, 24, 2, 17</column>
<column name="tmp_250_fu_4774_p2">+, 0, 0, 24, 2, 17</column>
<column name="tmp_251_fu_3341_p2">+, 0, 0, 23, 16, 16</column>
<column name="tmp_254_fu_4784_p2">+, 0, 0, 24, 1, 17</column>
<column name="tmp_255_fu_4794_p2">+, 0, 0, 24, 2, 17</column>
<column name="tmp_256_fu_3372_p2">+, 0, 0, 23, 16, 16</column>
<column name="tmp_259_fu_4804_p2">+, 0, 0, 24, 1, 17</column>
<column name="tmp_25_fu_1848_p2">+, 0, 0, 23, 16, 16</column>
<column name="tmp_260_fu_4814_p2">+, 0, 0, 24, 2, 17</column>
<column name="tmp_261_fu_3403_p2">+, 0, 0, 23, 16, 16</column>
<column name="tmp_264_fu_4824_p2">+, 0, 0, 24, 1, 17</column>
<column name="tmp_265_fu_4834_p2">+, 0, 0, 24, 2, 17</column>
<column name="tmp_266_fu_3434_p2">+, 0, 0, 23, 16, 16</column>
<column name="tmp_269_fu_4844_p2">+, 0, 0, 24, 1, 17</column>
<column name="tmp_270_fu_4854_p2">+, 0, 0, 24, 2, 17</column>
<column name="tmp_271_fu_3465_p2">+, 0, 0, 23, 16, 16</column>
<column name="tmp_274_fu_4864_p2">+, 0, 0, 24, 1, 17</column>
<column name="tmp_275_fu_4874_p2">+, 0, 0, 24, 2, 17</column>
<column name="tmp_276_fu_3496_p2">+, 0, 0, 23, 16, 16</column>
<column name="tmp_279_fu_4884_p2">+, 0, 0, 24, 1, 17</column>
<column name="tmp_280_fu_4894_p2">+, 0, 0, 24, 2, 17</column>
<column name="tmp_281_fu_3527_p2">+, 0, 0, 23, 16, 16</column>
<column name="tmp_284_fu_4904_p2">+, 0, 0, 24, 1, 17</column>
<column name="tmp_285_fu_4914_p2">+, 0, 0, 24, 2, 17</column>
<column name="tmp_287_fu_3575_p2">+, 0, 0, 23, 16, 16</column>
<column name="tmp_28_fu_3904_p2">+, 0, 0, 24, 1, 17</column>
<column name="tmp_290_fu_4924_p2">+, 0, 0, 24, 1, 17</column>
<column name="tmp_291_fu_4934_p2">+, 0, 0, 24, 2, 17</column>
<column name="tmp_292_fu_3607_p2">+, 0, 0, 23, 16, 16</column>
<column name="tmp_295_fu_4944_p2">+, 0, 0, 24, 1, 17</column>
<column name="tmp_296_fu_4954_p2">+, 0, 0, 24, 2, 17</column>
<column name="tmp_297_fu_3634_p2">+, 0, 0, 23, 16, 16</column>
<column name="tmp_29_fu_3914_p2">+, 0, 0, 24, 2, 17</column>
<column name="tmp_2_3_fu_2228_p2">+, 0, 0, 15, 2, 8</column>
<column name="tmp_300_fu_4964_p2">+, 0, 0, 24, 1, 17</column>
<column name="tmp_301_fu_4974_p2">+, 0, 0, 24, 2, 17</column>
<column name="tmp_302_fu_3661_p2">+, 0, 0, 23, 16, 16</column>
<column name="tmp_305_fu_4984_p2">+, 0, 0, 24, 1, 17</column>
<column name="tmp_306_fu_4994_p2">+, 0, 0, 24, 2, 17</column>
<column name="tmp_307_fu_3688_p2">+, 0, 0, 23, 16, 16</column>
<column name="tmp_30_fu_1889_p2">+, 0, 0, 23, 16, 16</column>
<column name="tmp_310_fu_5004_p2">+, 0, 0, 24, 1, 17</column>
<column name="tmp_311_fu_5014_p2">+, 0, 0, 24, 2, 17</column>
<column name="tmp_312_fu_3715_p2">+, 0, 0, 23, 16, 16</column>
<column name="tmp_315_fu_5024_p2">+, 0, 0, 24, 1, 17</column>
<column name="tmp_316_fu_5034_p2">+, 0, 0, 24, 2, 17</column>
<column name="tmp_317_fu_3742_p2">+, 0, 0, 23, 16, 16</column>
<column name="tmp_320_fu_5044_p2">+, 0, 0, 24, 1, 17</column>
<column name="tmp_321_fu_5054_p2">+, 0, 0, 24, 2, 17</column>
<column name="tmp_322_fu_3769_p2">+, 0, 0, 23, 16, 16</column>
<column name="tmp_325_fu_5064_p2">+, 0, 0, 24, 1, 17</column>
<column name="tmp_326_fu_5074_p2">+, 0, 0, 24, 2, 17</column>
<column name="tmp_33_fu_3924_p2">+, 0, 0, 24, 1, 17</column>
<column name="tmp_34_fu_3934_p2">+, 0, 0, 24, 2, 17</column>
<column name="tmp_35_fu_1930_p2">+, 0, 0, 23, 16, 16</column>
<column name="tmp_38_fu_3944_p2">+, 0, 0, 24, 1, 17</column>
<column name="tmp_39_fu_3954_p2">+, 0, 0, 24, 2, 17</column>
<column name="tmp_3_4_fu_2494_p2">+, 0, 0, 15, 2, 8</column>
<column name="tmp_3_fu_1622_p2">+, 0, 0, 23, 16, 16</column>
<column name="tmp_41_fu_1979_p2">+, 0, 0, 23, 16, 16</column>
<column name="tmp_44_fu_3964_p2">+, 0, 0, 24, 1, 17</column>
<column name="tmp_45_fu_3974_p2">+, 0, 0, 24, 2, 17</column>
<column name="tmp_46_fu_2011_p2">+, 0, 0, 23, 16, 16</column>
<column name="tmp_49_fu_3984_p2">+, 0, 0, 24, 1, 17</column>
<column name="tmp_4_5_fu_2760_p2">+, 0, 0, 15, 3, 8</column>
<column name="tmp_4_fu_3824_p2">+, 0, 0, 24, 1, 17</column>
<column name="tmp_50_fu_3994_p2">+, 0, 0, 24, 2, 17</column>
<column name="tmp_51_fu_2042_p2">+, 0, 0, 23, 16, 16</column>
<column name="tmp_54_fu_4004_p2">+, 0, 0, 24, 1, 17</column>
<column name="tmp_55_fu_4014_p2">+, 0, 0, 24, 2, 17</column>
<column name="tmp_56_fu_2073_p2">+, 0, 0, 23, 16, 16</column>
<column name="tmp_59_fu_4024_p2">+, 0, 0, 24, 1, 17</column>
<column name="tmp_5_6_fu_3026_p2">+, 0, 0, 15, 3, 8</column>
<column name="tmp_60_fu_4034_p2">+, 0, 0, 24, 2, 17</column>
<column name="tmp_61_fu_2104_p2">+, 0, 0, 23, 16, 16</column>
<column name="tmp_64_fu_4044_p2">+, 0, 0, 24, 1, 17</column>
<column name="tmp_65_fu_4054_p2">+, 0, 0, 24, 2, 17</column>
<column name="tmp_66_fu_2135_p2">+, 0, 0, 23, 16, 16</column>
<column name="tmp_69_fu_4064_p2">+, 0, 0, 24, 1, 17</column>
<column name="tmp_6_7_fu_3292_p2">+, 0, 0, 15, 3, 8</column>
<column name="tmp_6_fu_1655_p2">+, 0, 0, 24, 1, 17</column>
<column name="tmp_70_fu_4074_p2">+, 0, 0, 24, 2, 17</column>
<column name="tmp_71_fu_2166_p2">+, 0, 0, 23, 16, 16</column>
<column name="tmp_74_fu_4084_p2">+, 0, 0, 24, 1, 17</column>
<column name="tmp_75_fu_4094_p2">+, 0, 0, 24, 2, 17</column>
<column name="tmp_76_fu_2197_p2">+, 0, 0, 23, 16, 16</column>
<column name="tmp_79_fu_4104_p2">+, 0, 0, 24, 1, 17</column>
<column name="tmp_7_8_fu_3558_p2">+, 0, 0, 15, 3, 8</column>
<column name="tmp_7_fu_1665_p2">+, 0, 0, 24, 2, 17</column>
<column name="tmp_80_fu_4114_p2">+, 0, 0, 24, 2, 17</column>
<column name="tmp_82_fu_2245_p2">+, 0, 0, 23, 16, 16</column>
<column name="tmp_85_fu_4124_p2">+, 0, 0, 24, 1, 17</column>
<column name="tmp_86_fu_4134_p2">+, 0, 0, 24, 2, 17</column>
<column name="tmp_87_fu_2277_p2">+, 0, 0, 23, 16, 16</column>
<column name="tmp_8_fu_1684_p2">+, 0, 0, 23, 16, 16</column>
<column name="tmp_90_fu_4144_p2">+, 0, 0, 24, 1, 17</column>
<column name="tmp_91_fu_4154_p2">+, 0, 0, 24, 2, 17</column>
<column name="tmp_92_fu_2308_p2">+, 0, 0, 23, 16, 16</column>
<column name="tmp_95_fu_4164_p2">+, 0, 0, 24, 1, 17</column>
<column name="tmp_96_fu_4174_p2">+, 0, 0, 24, 2, 17</column>
<column name="tmp_97_fu_2339_p2">+, 0, 0, 23, 16, 16</column>
<column name="tmp_9_fu_3834_p2">+, 0, 0, 24, 2, 17</column>
<column name="tmp_104_fu_2390_p2">-, 0, 0, 24, 17, 17</column>
<column name="tmp_109_fu_2421_p2">-, 0, 0, 24, 17, 17</column>
<column name="tmp_114_fu_2452_p2">-, 0, 0, 24, 17, 17</column>
<column name="tmp_119_fu_2483_p2">-, 0, 0, 24, 17, 17</column>
<column name="tmp_125_fu_2532_p2">-, 0, 0, 24, 17, 17</column>
<column name="tmp_12_fu_1746_p2">-, 0, 0, 24, 17, 17</column>
<column name="tmp_130_fu_2563_p2">-, 0, 0, 24, 17, 17</column>
<column name="tmp_135_fu_2594_p2">-, 0, 0, 24, 17, 17</column>
<column name="tmp_140_fu_2625_p2">-, 0, 0, 24, 17, 17</column>
<column name="tmp_145_fu_2656_p2">-, 0, 0, 24, 17, 17</column>
<column name="tmp_150_fu_2687_p2">-, 0, 0, 24, 17, 17</column>
<column name="tmp_155_fu_2718_p2">-, 0, 0, 24, 17, 17</column>
<column name="tmp_160_fu_2749_p2">-, 0, 0, 24, 17, 17</column>
<column name="tmp_166_fu_2798_p2">-, 0, 0, 24, 17, 17</column>
<column name="tmp_171_fu_2829_p2">-, 0, 0, 24, 17, 17</column>
<column name="tmp_176_fu_2860_p2">-, 0, 0, 24, 17, 17</column>
<column name="tmp_17_fu_1787_p2">-, 0, 0, 24, 17, 17</column>
<column name="tmp_181_fu_2891_p2">-, 0, 0, 24, 17, 17</column>
<column name="tmp_186_fu_2922_p2">-, 0, 0, 24, 17, 17</column>
<column name="tmp_191_fu_2953_p2">-, 0, 0, 24, 17, 17</column>
<column name="tmp_196_fu_2984_p2">-, 0, 0, 24, 17, 17</column>
<column name="tmp_201_fu_3015_p2">-, 0, 0, 24, 17, 17</column>
<column name="tmp_207_fu_3064_p2">-, 0, 0, 24, 17, 17</column>
<column name="tmp_212_fu_3095_p2">-, 0, 0, 24, 17, 17</column>
<column name="tmp_217_fu_3126_p2">-, 0, 0, 24, 17, 17</column>
<column name="tmp_222_fu_3157_p2">-, 0, 0, 24, 17, 17</column>
<column name="tmp_227_fu_3188_p2">-, 0, 0, 24, 17, 17</column>
<column name="tmp_22_fu_1828_p2">-, 0, 0, 24, 17, 17</column>
<column name="tmp_232_fu_3219_p2">-, 0, 0, 24, 17, 17</column>
<column name="tmp_237_fu_3250_p2">-, 0, 0, 24, 17, 17</column>
<column name="tmp_242_fu_3281_p2">-, 0, 0, 24, 17, 17</column>
<column name="tmp_248_fu_3330_p2">-, 0, 0, 24, 17, 17</column>
<column name="tmp_253_fu_3361_p2">-, 0, 0, 24, 17, 17</column>
<column name="tmp_258_fu_3392_p2">-, 0, 0, 24, 17, 17</column>
<column name="tmp_263_fu_3423_p2">-, 0, 0, 24, 17, 17</column>
<column name="tmp_268_fu_3454_p2">-, 0, 0, 24, 17, 17</column>
<column name="tmp_273_fu_3485_p2">-, 0, 0, 24, 17, 17</column>
<column name="tmp_278_fu_3516_p2">-, 0, 0, 24, 17, 17</column>
<column name="tmp_27_fu_1869_p2">-, 0, 0, 24, 17, 17</column>
<column name="tmp_283_fu_3547_p2">-, 0, 0, 24, 17, 17</column>
<column name="tmp_289_fu_3596_p2">-, 0, 0, 24, 17, 17</column>
<column name="tmp_294_fu_3628_p2">-, 0, 0, 24, 17, 17</column>
<column name="tmp_299_fu_3655_p2">-, 0, 0, 24, 17, 17</column>
<column name="tmp_304_fu_3682_p2">-, 0, 0, 24, 17, 17</column>
<column name="tmp_309_fu_3709_p2">-, 0, 0, 24, 17, 17</column>
<column name="tmp_314_fu_3736_p2">-, 0, 0, 24, 17, 17</column>
<column name="tmp_319_fu_3763_p2">-, 0, 0, 24, 17, 17</column>
<column name="tmp_324_fu_3790_p2">-, 0, 0, 24, 17, 17</column>
<column name="tmp_32_fu_1910_p2">-, 0, 0, 24, 17, 17</column>
<column name="tmp_37_fu_1951_p2">-, 0, 0, 24, 17, 17</column>
<column name="tmp_43_fu_2000_p2">-, 0, 0, 24, 17, 17</column>
<column name="tmp_48_fu_2031_p2">-, 0, 0, 24, 17, 17</column>
<column name="tmp_53_fu_2062_p2">-, 0, 0, 24, 17, 17</column>
<column name="tmp_58_fu_2093_p2">-, 0, 0, 24, 17, 17</column>
<column name="tmp_5_fu_1644_p2">-, 0, 0, 24, 17, 17</column>
<column name="tmp_63_fu_2124_p2">-, 0, 0, 24, 17, 17</column>
<column name="tmp_68_fu_2155_p2">-, 0, 0, 24, 17, 17</column>
<column name="tmp_73_fu_2186_p2">-, 0, 0, 24, 17, 17</column>
<column name="tmp_78_fu_2217_p2">-, 0, 0, 24, 17, 17</column>
<column name="tmp_84_fu_2266_p2">-, 0, 0, 24, 17, 17</column>
<column name="tmp_89_fu_2297_p2">-, 0, 0, 24, 17, 17</column>
<column name="tmp_94_fu_2328_p2">-, 0, 0, 24, 17, 17</column>
<column name="tmp_99_fu_2359_p2">-, 0, 0, 24, 17, 17</column>
<column name="tmp_s_fu_1705_p2">-, 0, 0, 24, 17, 17</column>
</table>
</item>
<item name = "Multiplexer"><table name="" hasTotal="1">
<keys size="5">Name, LUT, Input Size, Bits, Total Bits</keys>
<column name="ap_NS_fsm">837, 193, 1, 193</column>
<column name="image_r_address0">837, 193, 16, 3088</column>
</table>
</item>
<item name = "Register"><table name="" hasTotal="1">
<keys size="5">Name, FF, LUT, Bits, Const Bits</keys>
<column name="ap_CS_fsm">192, 0, 192, 0</column>
<column name="i_read_reg_5095">8, 0, 8, 0</column>
<column name="j_read_reg_5084">8, 0, 8, 0</column>
<column name="tmp_104_reg_5347">17, 0, 17, 0</column>
<column name="tmp_109_reg_5353">17, 0, 17, 0</column>
<column name="tmp_114_reg_5359">17, 0, 17, 0</column>
<column name="tmp_119_reg_5365">17, 0, 17, 0</column>
<column name="tmp_125_reg_5382">17, 0, 17, 0</column>
<column name="tmp_128_cast_reg_5371">8, 0, 16, 8</column>
<column name="tmp_12_reg_5162">17, 0, 17, 0</column>
<column name="tmp_130_reg_5388">17, 0, 17, 0</column>
<column name="tmp_135_reg_5394">17, 0, 17, 0</column>
<column name="tmp_140_reg_5400">17, 0, 17, 0</column>
<column name="tmp_145_reg_5406">17, 0, 17, 0</column>
<column name="tmp_150_reg_5412">17, 0, 17, 0</column>
<column name="tmp_155_reg_5418">17, 0, 17, 0</column>
<column name="tmp_160_reg_5424">17, 0, 17, 0</column>
<column name="tmp_166_reg_5441">17, 0, 17, 0</column>
<column name="tmp_170_cast_reg_5430">8, 0, 16, 8</column>
<column name="tmp_171_reg_5447">17, 0, 17, 0</column>
<column name="tmp_176_reg_5453">17, 0, 17, 0</column>
<column name="tmp_17_reg_5179">17, 0, 17, 0</column>
<column name="tmp_181_reg_5459">17, 0, 17, 0</column>
<column name="tmp_186_reg_5465">17, 0, 17, 0</column>
<column name="tmp_18_0_1_cast_reg_5134">8, 0, 16, 8</column>
<column name="tmp_18_0_2_cast_reg_5151">8, 0, 16, 8</column>
<column name="tmp_18_0_3_cast_reg_5168">8, 0, 16, 8</column>
<column name="tmp_18_0_4_cast_reg_5185">8, 0, 16, 8</column>
<column name="tmp_18_0_5_cast_reg_5202">8, 0, 16, 8</column>
<column name="tmp_18_0_6_cast_reg_5219">8, 0, 16, 8</column>
<column name="tmp_18_0_7_cast_reg_5236">8, 0, 16, 8</column>
<column name="tmp_191_reg_5471">17, 0, 17, 0</column>
<column name="tmp_196_reg_5477">17, 0, 17, 0</column>
<column name="tmp_1_cast_reg_5117">8, 0, 16, 8</column>
<column name="tmp_201_reg_5483">17, 0, 17, 0</column>
<column name="tmp_207_reg_5500">17, 0, 17, 0</column>
<column name="tmp_212_cast_reg_5489">8, 0, 16, 8</column>
<column name="tmp_212_reg_5506">17, 0, 17, 0</column>
<column name="tmp_217_reg_5512">17, 0, 17, 0</column>
<column name="tmp_222_reg_5518">17, 0, 17, 0</column>
<column name="tmp_227_reg_5524">17, 0, 17, 0</column>
<column name="tmp_22_reg_5196">17, 0, 17, 0</column>
<column name="tmp_232_reg_5530">17, 0, 17, 0</column>
<column name="tmp_237_reg_5536">17, 0, 17, 0</column>
<column name="tmp_242_reg_5542">17, 0, 17, 0</column>
<column name="tmp_248_reg_5559">17, 0, 17, 0</column>
<column name="tmp_253_reg_5565">17, 0, 17, 0</column>
<column name="tmp_254_cast_reg_5548">8, 0, 16, 8</column>
<column name="tmp_258_reg_5571">17, 0, 17, 0</column>
<column name="tmp_263_reg_5577">17, 0, 17, 0</column>
<column name="tmp_268_reg_5583">17, 0, 17, 0</column>
<column name="tmp_273_reg_5589">17, 0, 17, 0</column>
<column name="tmp_278_reg_5595">17, 0, 17, 0</column>
<column name="tmp_27_reg_5213">17, 0, 17, 0</column>
<column name="tmp_283_reg_5601">17, 0, 17, 0</column>
<column name="tmp_289_reg_5607">17, 0, 17, 0</column>
<column name="tmp_294_reg_5613">17, 0, 17, 0</column>
<column name="tmp_299_reg_5620">17, 0, 17, 0</column>
<column name="tmp_2_cast_reg_5106">8, 0, 16, 8</column>
<column name="tmp_304_reg_5627">17, 0, 17, 0</column>
<column name="tmp_309_reg_5634">17, 0, 17, 0</column>
<column name="tmp_314_reg_5641">17, 0, 17, 0</column>
<column name="tmp_319_reg_5648">17, 0, 17, 0</column>
<column name="tmp_324_reg_5655">17, 0, 17, 0</column>
<column name="tmp_32_reg_5230">17, 0, 17, 0</column>
<column name="tmp_37_reg_5247">17, 0, 17, 0</column>
<column name="tmp_43_reg_5264">17, 0, 17, 0</column>
<column name="tmp_44_cast_reg_5253">8, 0, 16, 8</column>
<column name="tmp_48_reg_5270">17, 0, 17, 0</column>
<column name="tmp_53_reg_5276">17, 0, 17, 0</column>
<column name="tmp_58_reg_5282">17, 0, 17, 0</column>
<column name="tmp_5_reg_5128">17, 0, 17, 0</column>
<column name="tmp_63_reg_5288">17, 0, 17, 0</column>
<column name="tmp_68_reg_5294">17, 0, 17, 0</column>
<column name="tmp_73_reg_5300">17, 0, 17, 0</column>
<column name="tmp_78_reg_5306">17, 0, 17, 0</column>
<column name="tmp_84_reg_5323">17, 0, 17, 0</column>
<column name="tmp_86_cast_reg_5312">8, 0, 16, 8</column>
<column name="tmp_89_reg_5329">17, 0, 17, 0</column>
<column name="tmp_94_reg_5335">17, 0, 17, 0</column>
<column name="tmp_99_reg_5341">17, 0, 17, 0</column>
<column name="tmp_s_reg_5145">17, 0, 17, 0</column>
</table>
</item>
</section>
</item>
</section>

<section name = "Interface" level="0">
<item name = "Summary"><table name="" hasTotal="0">
<keys size="6">RTL Ports, Dir, Bits, Protocol, Source Object, C Type</keys>
<column name="ap_clk">in, 1, ap_ctrl_hs, saveback8x8subimg, return value</column>
<column name="ap_rst">in, 1, ap_ctrl_hs, saveback8x8subimg, return value</column>
<column name="ap_start">in, 1, ap_ctrl_hs, saveback8x8subimg, return value</column>
<column name="ap_done">out, 1, ap_ctrl_hs, saveback8x8subimg, return value</column>
<column name="ap_idle">out, 1, ap_ctrl_hs, saveback8x8subimg, return value</column>
<column name="ap_ready">out, 1, ap_ctrl_hs, saveback8x8subimg, return value</column>
<column name="image_r_address0">out, 16, ap_memory, image_r, array</column>
<column name="image_r_ce0">out, 1, ap_memory, image_r, array</column>
<column name="image_r_we0">out, 1, ap_memory, image_r, array</column>
<column name="image_r_d0">out, 16, ap_memory, image_r, array</column>
<column name="i">in, 8, ap_none, i, scalar</column>
<column name="j">in, 8, ap_none, j, scalar</column>
</table>
</item>
</section>
</profile>
