<?xml version="1.0" encoding="UTF-8"?>
<vivadoHLSLog:LogRoot xmlns:vivadoHLSLog="www.xilinx.com/vivadoHLSLog">
  <errorLogs>
    <logs>
      <packageLog/>
    </logs>
  </errorLogs>
  <warningLogs>
    <logs>
      <packageLog>
        <logs message="WARNING: [Timing 38-242] The property HD.CLK_SRC of clock port &quot;ap_clk&quot; is not set. In out-of-context mode, this prevents timing estimation for clock delay/skew&#xD;&#xA;Resolution: Set the HD.CLK_SRC property of the out-of-context port to the location of the clock buffer instance in the top-level design" projectName="jpeg_hls" solutionName="solution1" date="2020-08-01T15:43:50.977+0800" type="Warning"/>
        <logs message="WARNING: [Netlist 29-43] Netlist 'bd_0_wrapper' is not ideal for floorplanning, since the cellview 'bd_0_hls_inst_0_saveback8x8subimg' defined in file 'bd_0_hls_inst_0.edf' contains large number of primitives.  Please consider enabling hierarchy in synthesis if you want to do floorplanning." projectName="jpeg_hls" solutionName="solution1" date="2020-08-01T15:43:45.889+0800" type="Warning"/>
        <logs message="CRITICAL WARNING: [Timing 38-282] The design failed to meet the timing requirements. Please see the timing summary report for details on the timing violations." projectName="jpeg_hls" solutionName="solution1" date="2020-08-01T15:43:40.521+0800" type="Warning"/>
        <logs message="WARNING: [Timing 38-242] The property HD.CLK_SRC of clock port &quot;ap_clk&quot; is not set. In out-of-context mode, this prevents timing estimation for clock delay/skew&#xD;&#xA;Resolution: Set the HD.CLK_SRC property of the out-of-context port to the location of the clock buffer instance in the top-level design" projectName="jpeg_hls" solutionName="solution1" date="2020-08-01T15:43:35.495+0800" type="Warning"/>
        <logs message="WARNING: [Route 35-328] Router estimated timing not met.&#xD;&#xA;Resolution: For a complete and accurate timing signoff, report_timing_summary must be run after route_design. Alternatively, route_design can be run with the -timing_summary option to enable a complete timing signoff at the end of route_design.&#xD;&#xA;Phase 10 Post Router Timing | Checksum: 2aa4543f0&#xD;&#xA;&#xD;&#xA;Time (s): cpu = 00:02:45 ; elapsed = 00:02:05 . Memory (MB): peak = 1528.824 ; gain = 113.727" projectName="jpeg_hls" solutionName="solution1" date="2020-08-01T15:43:30.470+0800" type="Warning"/>
        <logs message="WARNING: [Route 35-198] Port &quot;s_axi_a_awaddr[2]&quot; does not have an associated HD.PARTPIN_LOCS, which will prevent the partial routing of the signal &quot;s_axi_a_awaddr[2]&quot;. Without this partial route, timing analysis to/from this port will not be accurate, and no routing information for this port can be exported.&#xD;&#xA;Phase 1 Build RT Design | Checksum: 6478a6a5&#xD;&#xA;&#xD;&#xA;Time (s): cpu = 00:00:31 ; elapsed = 00:00:30 . Memory (MB): peak = 1471.195 ; gain = 56.098&#xD;&#xA;Post Restoration Checksum: NetGraph: 561c2789 NumContArr: e5c7f1c Constraints: 0 Timing: 0&#xD;&#xA;&#xD;&#xA;Phase 2 Router Initialization&#xD;&#xA;&#xD;&#xA;Phase 2.1 Create Timer&#xD;&#xA;Phase 2.1 Create Timer | Checksum: 6478a6a5&#xD;&#xA;&#xD;&#xA;Time (s): cpu = 00:00:31 ; elapsed = 00:00:30 . Memory (MB): peak = 1471.195 ; gain = 56.098&#xD;&#xA;&#xD;&#xA;Phase 2.2 Fix Topology Constraints&#xD;&#xA;Phase 2.2 Fix Topology Constraints | Checksum: 6478a6a5&#xD;&#xA;&#xD;&#xA;Time (s): cpu = 00:00:31 ; elapsed = 00:00:30 . Memory (MB): peak = 1478.113 ; gain = 63.016&#xD;&#xA;&#xD;&#xA;Phase 2.3 Pre Route Cleanup&#xD;&#xA;Phase 2.3 Pre Route Cleanup | Checksum: 6478a6a5&#xD;&#xA;&#xD;&#xA;Time (s): cpu = 00:00:31 ; elapsed = 00:00:30 . Memory (MB): peak = 1478.113 ; gain = 63.016&#xD;&#xA; Number of Nodes with overlaps = 0&#xD;&#xA;&#xD;&#xA;Phase 2.4 Update Timing&#xD;&#xA;Phase 2.4 Update Timing | Checksum: 14d58e930&#xD;&#xA;&#xD;&#xA;Time (s): cpu = 00:00:32 ; elapsed = 00:00:32 . Memory (MB): peak = 1486.629 ; gain = 71.531" projectName="jpeg_hls" solutionName="solution1" date="2020-08-01T15:41:59.916+0800" type="Warning"/>
        <logs message="WARNING: [Route 35-198] Port &quot;s_axi_a_awaddr[7]&quot; does not have an associated HD.PARTPIN_LOCS, which will prevent the partial routing of the signal &quot;s_axi_a_awaddr[7]&quot;. Without this partial route, timing analysis to/from this port will not be accurate, and no routing information for this port can be exported." projectName="jpeg_hls" solutionName="solution1" date="2020-08-01T15:41:30.234+0800" type="Warning"/>
        <logs message="WARNING: [Route 35-198] Port &quot;s_axi_a_awaddr[14]&quot; does not have an associated HD.PARTPIN_LOCS, which will prevent the partial routing of the signal &quot;s_axi_a_awaddr[14]&quot;. Without this partial route, timing analysis to/from this port will not be accurate, and no routing information for this port can be exported." projectName="jpeg_hls" solutionName="solution1" date="2020-08-01T15:41:30.232+0800" type="Warning"/>
      </packageLog>
    </logs>
  </warningLogs>
</vivadoHLSLog:LogRoot>
