{
  "Top": "runloops",
  "RtlTop": "runloops",
  "RtlPrefix": "",
  "SourceLanguage": "cpp",
  "ResetStyle": "control",
  "GenerateBdFiles": "0",
  "HostMachineBits": "64",
  "Target": {
    "Family": "zynq",
    "Device": "xc7z020",
    "Package": "clg484",
    "Speed": "-1"
  },
  "HlsSolution": {"Config": [
      "config_compile -no_signed_zeros=0",
      "config_compile -unsafe_math_optimizations=0",
      "config_export -format=ip_catalog",
      "config_export -rtl=verilog",
      "config_export -vivado_phys_opt=place",
      "config_export -vivado_report_level=0",
      "config_sdx -optimization_level=none",
      "config_sdx -target=none",
      "config_bind -effort=medium",
      "config_schedule -effort=medium",
      "config_schedule -relax_ii_for_timing=0"
    ]},
  "ClockInfo": {
    "ClockName": "ap_clk",
    "ClockPeriod": "10",
    "IsCombLogic": "0",
    "II": "x",
    "Latency": "49441",
    "Uncertainty": "1.25"
  },
  "Xdc": {"OocClocks": ["create_clock -name ap_clk -period 10.000 [get_ports ap_clk]"]},
  "Ipx": {
    "Vendor": "xilinx.com",
    "Library": "hls",
    "Name": "runloops",
    "Version": "1.0",
    "DisplayName": "Runloops",
    "Revision": "",
    "Description": "An IP generated by Vivado HLS",
    "Taxonomy": "\/VIVADO_HLS_IP",
    "AutoFamilySupport": ""
  },
  "Files": {
    "CSource": ["..\/..\/jpeghls.cpp"],
    "Vhdl": [
      "impl\/vhdl\/runloops_a_s_axi.vhd",
      "impl\/vhdl\/saveback8x8subimg.vhd",
      "impl\/vhdl\/runloops.vhd"
    ],
    "Verilog": [
      "impl\/verilog\/runloops_a_s_axi.v",
      "impl\/verilog\/saveback8x8subimg.v",
      "impl\/verilog\/runloops.v"
    ],
    "SwDriver": [
      "impl\/misc\/drivers\/runloops_v1_0\/data\/runloops.mdd",
      "impl\/misc\/drivers\/runloops_v1_0\/data\/runloops.tcl",
      "impl\/misc\/drivers\/runloops_v1_0\/src\/Makefile",
      "impl\/misc\/drivers\/runloops_v1_0\/src\/xrunloops.c",
      "impl\/misc\/drivers\/runloops_v1_0\/src\/xrunloops.h",
      "impl\/misc\/drivers\/runloops_v1_0\/src\/xrunloops_hw.h",
      "impl\/misc\/drivers\/runloops_v1_0\/src\/xrunloops_linux.c",
      "impl\/misc\/drivers\/runloops_v1_0\/src\/xrunloops_sinit.c"
    ],
    "Misc": ["impl\/misc\/logo.png"],
    "DesignXml": "F:\/Xilinx_Train\/jpeg_hls\/jpeg_hls\/solution1\/.autopilot\/db\/runloops.design.xml"
  },
  "SubcoreInfo": {
    "HasXpmMemory": false,
    "HasClockedDsp": false,
    "IP": []
  },
  "Interfaces": {
    "ap_clk": {
      "type": "clock",
      "ctype": {"CLK": {"Type": "bool"}},
      "buses": "s_axi_a",
      "reset": "ap_rst_n"
    },
    "ap_rst_n": {
      "type": "reset",
      "polarity": "ACTIVE_LOW",
      "ctype": {"RST": {"Type": "bool"}}
    },
    "interrupt": {
      "type": "interrupt",
      "ctype": {"INTERRUPT": {"Type": "bool"}}
    },
    "s_axi_a": {
      "type": "axi4lite",
      "is_adaptor": "true",
      "mode": "slave",
      "port_prefix": "s_axi_a",
      "param_prefix": "C_S_AXI_A",
      "addr_bits": "18",
      "registers": [
        {
          "offset": "0x00",
          "name": "CTRL",
          "access": "RW",
          "reset_value": "0x0",
          "description": "Control signals",
          "fields": [
            {
              "offset": "0",
              "width": "1",
              "name": "AP_START",
              "access": "RW",
              "reset_value": "0",
              "description": "Control signal Register for 'ap_start'."
            },
            {
              "offset": "1",
              "width": "1",
              "name": "AP_DONE",
              "access": "R",
              "reset_value": "0",
              "description": "Control signal Register for 'ap_done'."
            },
            {
              "offset": "2",
              "width": "1",
              "name": "AP_IDLE",
              "access": "R",
              "reset_value": "0",
              "description": "Control signal Register for 'ap_idle'."
            },
            {
              "offset": "3",
              "width": "1",
              "name": "AP_READY",
              "access": "R",
              "reset_value": "0",
              "description": "Control signal Register for 'ap_ready'."
            },
            {
              "offset": "4",
              "width": "3",
              "name": "RESERVED_1",
              "access": "R",
              "reset_value": "0",
              "description": "Reserved.  0s on read."
            },
            {
              "offset": "7",
              "width": "1",
              "name": "AUTO_RESTART",
              "access": "RW",
              "reset_value": "0",
              "description": "Control signal Register for 'auto_restart'."
            },
            {
              "offset": "8",
              "width": "24",
              "name": "RESERVED_2",
              "access": "R",
              "reset_value": "0",
              "description": "Reserved.  0s on read."
            }
          ]
        },
        {
          "offset": "0x04",
          "name": "GIER",
          "access": "RW",
          "reset_value": "0x0",
          "description": "Global Interrupt Enable Register",
          "fields": [
            {
              "offset": "0",
              "width": "1",
              "name": "Enable",
              "access": "RW",
              "reset_value": "0",
              "description": "Master enable for the device interrupt output to the system interrupt controller: 0 = Disabled, 1 = Enabled"
            },
            {
              "offset": "1",
              "width": "31",
              "name": "RESERVED",
              "access": "R",
              "reset_value": "0",
              "description": "Reserved.  0s on read."
            }
          ]
        },
        {
          "offset": "0x08",
          "name": "IP_IER",
          "access": "RW",
          "reset_value": "0x0",
          "description": "IP Interrupt Enable Register",
          "fields": [
            {
              "offset": "0",
              "width": "1",
              "name": "CHAN0_INT_EN",
              "access": "RW",
              "reset_value": "0",
              "description": "Enable Channel 0 (ap_done) Interrupt.  0 = Disabled, 1 = Enabled."
            },
            {
              "offset": "1",
              "width": "1",
              "name": "CHAN1_INT_EN",
              "access": "RW",
              "reset_value": "0",
              "description": "Enable Channel 1 (ap_ready) Interrupt.  0 = Disabled, 1 = Enabled."
            },
            {
              "offset": "2",
              "width": "30",
              "name": "RESERVED",
              "access": "R",
              "reset_value": "0",
              "description": "Reserved.  0s on read."
            }
          ]
        },
        {
          "offset": "0x0c",
          "name": "IP_ISR",
          "access": "RW",
          "reset_value": "0x0",
          "description": "IP Interrupt Status Register",
          "fields": [
            {
              "offset": "0",
              "width": "1",
              "name": "CHAN0_INT_ST",
              "access": "RTOW",
              "reset_value": "0",
              "description": "Channel 0 (ap_done) Interrupt Status. 0 = No Channel 0 input interrupt, 1 = Channel 0 input interrup"
            },
            {
              "offset": "1",
              "width": "1",
              "name": "CHAN1_INT_ST",
              "access": "RTOW",
              "reset_value": "0",
              "description": "Channel 1 (ap_ready) Interrupt Status. 0 = No Channel 1 input interrupt, 1 = Channel 1 input interrup"
            },
            {
              "offset": "2",
              "width": "30",
              "name": "RESERVED",
              "access": "R",
              "reset_value": "0",
              "description": "Reserved.  0s on read."
            }
          ]
        },
        {
          "offset": "0x10",
          "name": "ap_return",
          "access": "R",
          "reset_value": "0x0",
          "description": "Data signal of ap_return",
          "fields": [{
              "offset": "0",
              "width": "32",
              "name": "ap_return",
              "access": "R",
              "reset_value": "0",
              "description": "Bit 31 to 0 Data signal of ap_return"
            }]
        }
      ],
      "memories": "image_r {base_address 131072 range 131072}",
      "ctype": {
        "AWVALID": {"Type": "bool"},
        "AWREADY": {"Type": "bool"},
        "WVALID": {"Type": "bool"},
        "WREADY": {"Type": "bool"},
        "BVALID": {"Type": "bool"},
        "BREADY": {"Type": "bool"},
        "BRESP": {
          "Type": "integer unsigned",
          "Width": "2"
        },
        "ARVALID": {"Type": "bool"},
        "ARREADY": {"Type": "bool"},
        "RVALID": {"Type": "bool"},
        "RREADY": {"Type": "bool"},
        "RRESP": {
          "Type": "integer unsigned",
          "Width": "2"
        },
        "AWADDR": {
          "Type": "integer unsigned",
          "Width": "18"
        },
        "WDATA": {
          "Type": "integer signed",
          "Width": "32"
        },
        "WSTRB": {
          "Type": "integer unsigned",
          "Width": "4"
        },
        "ARADDR": {
          "Type": "integer unsigned",
          "Width": "18"
        },
        "RDATA": {
          "Type": "integer signed",
          "Width": "32"
        }
      },
      "data_width": "32",
      "port_width": {
        "ARADDR": "18",
        "AWADDR": "18",
        "RDATA": "32",
        "WDATA": "32",
        "WSTRB": "4"
      }
    }
  },
  "RtlPorts": {
    "s_axi_a_AWVALID": {
      "dir": "in",
      "width": "1"
    },
    "s_axi_a_AWREADY": {
      "dir": "out",
      "width": "1"
    },
    "s_axi_a_AWADDR": {
      "dir": "in",
      "width": "18"
    },
    "s_axi_a_WVALID": {
      "dir": "in",
      "width": "1"
    },
    "s_axi_a_WREADY": {
      "dir": "out",
      "width": "1"
    },
    "s_axi_a_WDATA": {
      "dir": "in",
      "width": "32"
    },
    "s_axi_a_WSTRB": {
      "dir": "in",
      "width": "4"
    },
    "s_axi_a_ARVALID": {
      "dir": "in",
      "width": "1"
    },
    "s_axi_a_ARREADY": {
      "dir": "out",
      "width": "1"
    },
    "s_axi_a_ARADDR": {
      "dir": "in",
      "width": "18"
    },
    "s_axi_a_RVALID": {
      "dir": "out",
      "width": "1"
    },
    "s_axi_a_RREADY": {
      "dir": "in",
      "width": "1"
    },
    "s_axi_a_RDATA": {
      "dir": "out",
      "width": "32"
    },
    "s_axi_a_RRESP": {
      "dir": "out",
      "width": "2"
    },
    "s_axi_a_BVALID": {
      "dir": "out",
      "width": "1"
    },
    "s_axi_a_BREADY": {
      "dir": "in",
      "width": "1"
    },
    "s_axi_a_BRESP": {
      "dir": "out",
      "width": "2"
    },
    "ap_clk": {
      "dir": "in",
      "width": "1"
    },
    "ap_rst_n": {
      "dir": "in",
      "width": "1"
    },
    "interrupt": {
      "dir": "out",
      "width": "1",
      "isVector": "true"
    }
  },
  "CPorts": {
    "image_r": {
      "interfaceRef": "s_axi_a",
      "dir": "out",
      "offset": "131072",
      "statusOffset": "NA",
      "Object": "a",
      "firstOutLatency": "0"
    },
    "ap_return": {
      "interfaceRef": "s_axi_a",
      "dir": "out",
      "offset": "16",
      "statusOffset": "20",
      "handshakeRef": "ap_none",
      "Object": "a"
    },
    "ap_ctrl": {
      "interfaceRef": "s_axi_a",
      "dir": "in",
      "offset": "0"
    }
  },
  "ModuleInfo": {
    "Hierarchy": {
      "ModuleName": "runloops",
      "Instances": [{
          "ModuleName": "saveback8x8subimg",
          "InstanceName": "grp_saveback8x8subimg_fu_72"
        }]
    },
    "Metrics": {
      "saveback8x8subimg": {
        "Latency": {
          "LatencyBest": "191",
          "LatencyAvg": "191",
          "LatencyWorst": "191",
          "PipelineII": "192",
          "PipelineDepth": "192",
          "PipelineType": "function"
        },
        "Timing": {
          "Target": "10.00",
          "Uncertainty": "1.25",
          "Estimate": "8.532"
        },
        "Area": {
          "FF": "1416",
          "LUT": "7964",
          "BRAM_18K": "0",
          "DSP48E": "0"
        }
      },
      "runloops": {
        "Latency": {
          "LatencyBest": "49441",
          "LatencyAvg": "49441",
          "LatencyWorst": "49441",
          "PipelineII": "49442",
          "PipelineDepth": "",
          "PipelineType": "none"
        },
        "Timing": {
          "Target": "10.00",
          "Uncertainty": "1.25",
          "Estimate": "8.532"
        },
        "Loops": [{
            "Name": "runloops_label1",
            "TripCount": "16",
            "Latency": "49440",
            "PipelineII": "",
            "PipelineDepth": "3090",
            "Loops": [{
                "Name": "runloops_label2",
                "TripCount": "16",
                "Latency": "3088",
                "PipelineII": "",
                "PipelineDepth": "193"
              }]
          }],
        "Area": {
          "BRAM_18K": "64",
          "FF": "1784",
          "LUT": "9035",
          "DSP48E": "0"
        }
      }
    }
  },
  "Sdx": {
    "Target": "none",
    "ProfileOption": "0",
    "ProfileType": "none",
    "XO": "",
    "KernelName": "runloops",
    "EnableXoSwEmu": "1"
  },
  "GenData": {
    "DataVersion": "0.1",
    "Time": "2020-08-01 15:34:49 +0800",
    "ToolName": "vivado_hls",
    "ToolVersion": "2018.3"
  }
}
